session_id,request_count,avg_time_between_requests_sec,session_duration_sec,failed_login_attempts,user_agent_valid,unique_pages_visited,label
205,33,4.32,105,0,1,6,0
661,13,29.02,158,0,1,7,0
491,36,25.57,156,0,1,2,0
333,16,11.76,157,0,1,2,0
663,30,27.57,45,0,1,10,0
370,7,4.75,298,0,1,6,0
43,44,12.24,121,0,1,2,0
38,18,27.4,156,0,1,8,0
62,23,18.66,97,0,1,10,0
92,8,28.8,201,0,1,10,0
726,12,16.68,448,0,1,6,0
299,50,5.76,269,0,1,2,0
295,10,22.04,362,0,1,7,0
778,10,12.4,561,0,1,7,0
605,17,10.33,237,0,1,10,0
283,33,29.51,353,0,1,2,0
768,50,13.13,114,0,1,6,0
232,27,3.1,191,0,1,9,0
35,17,19.91,590,0,1,2,0
190,19,25.75,291,0,1,6,0
667,18,21.89,69,0,1,3,0
587,14,8.7,112,0,1,10,0
169,21,22.82,203,0,1,10,0
432,17,9.71,117,0,1,7,0
194,35,28.41,379,0,1,6,0
809,698,0.032,30,0,0,145,1
831,899,0.135,14,14,0,164,1
84,34,11.38,134,0,1,7,0
218,44,6.52,114,0,0,3,0
9,47,24.42,507,0,1,6,0
138,8,9.81,189,0,1,5,0
529,41,26.26,435,0,1,9,0
183,13,9.93,270,0,1,10,0
903,1683,0.367,24,24,0,1,1
766,19,4.02,271,0,1,6,0
648,35,22.23,427,0,1,5,0
12,32,20.22,526,0,1,7,0
223,24,23.32,107,0,1,6,0
260,50,12.52,56,0,1,9,0
79,9,6.94,309,0,1,3,0
849,484,0.152,1000,37,1,89,1
116,38,12.91,502,0,1,5,0
192,34,27.39,260,0,1,9,0
355,26,14.58,138,0,1,6,0
554,13,23.35,238,0,1,10,0
712,6,24.8,322,0,1,8,0
379,41,6.79,42,0,1,8,0
225,32,5.65,543,0,1,2,0
790,19,29.71,572,0,1,7,0
754,44,24.19,379,0,1,9,0
771,24,5.34,253,0,1,9,0
178,31,6.45,530,0,1,3,0
597,9,16.78,357,0,1,5,0
533,19,11.06,84,0,1,6,0
877,1367,0.443,2023,0,1,1,1
272,11,5.07,473,0,1,8,0
49,47,28.37,583,0,1,3,0
269,13,8.94,51,0,1,8,0
460,50,8.8,145,0,1,8,0
631,30,11.82,116,0,1,10,0
740,14,28.16,315,0,1,9,0
607,47,9.95,86,0,1,8,0
580,24,5.63,577,0,1,6,0
878,1771,0.183,2445,42,0,1,1
259,47,2.48,307,0,1,7,0
101,10,14.59,205,1,1,2,0
148,36,16.98,88,0,1,2,0
792,43,22.42,583,0,1,6,0
363,45,17.98,515,0,1,2,0
718,33,20.28,244,0,1,9,0
344,36,24.75,256,0,1,10,0
159,10,21.01,445,0,1,9,0
142,34,22.14,88,0,1,10,0
832,358,0.011,19,14,0,1,1
897,1079,0.42,3251,0,1,1,1
815,529,0.359,3410,0,0,1,1
396,7,17.2,43,0,1,7,0
335,50,12.61,282,0,1,10,0
708,11,5.92,91,0,0,3,0
802,814,0.077,897,23,0,1,1
304,16,15.47,102,0,1,10,0
776,37,25.15,385,0,1,4,0
675,9,5.17,164,0,1,5,0
110,42,5.41,99,0,1,5,0
512,42,3.43,592,0,1,5,0
744,44,28.03,193,0,1,5,0
381,21,29.09,497,0,1,4,0
170,25,18.88,546,0,1,9,0
131,15,10.02,175,0,1,2,0
582,43,16.62,576,0,1,4,0
317,14,15.27,311,0,1,3,0
88,28,25.05,404,0,1,4,0
420,17,17.04,456,0,1,4,0
856,1247,0.101,28,17,0,1,1
803,1161,0.053,1073,48,0,71,1
188,19,20.57,193,0,1,6,0
171,48,9.75,528,0,1,10,0
451,48,9.03,489,0,1,7,0
921,1648,0.112,2452,0,1,137,1
755,7,24.85,217,0,1,5,0
42,49,27.0,414,0,1,9,0
162,35,3.68,227,1,1,8,0
772,14,17.03,264,0,1,7,0
196,14,3.98,473,0,1,2,0
329,5,29.39,250,0,1,6,0
215,6,9.29,528,0,1,6,0
200,27,14.2,375,0,1,2,0
913,894,0.315,21,0,0,1,1
835,313,0.286,5,0,1,139,1
885,1603,0.124,11,0,0,195,1
775,44,15.79,71,0,1,6,0
378,47,26.58,350,0,0,2,0
737,30,15.38,492,0,1,9,0
649,40,7.41,358,0,1,8,0
722,47,22.9,527,0,1,10,0
569,34,29.25,563,0,1,3,0
535,37,26.35,536,0,1,3,0
311,16,3.69,561,0,1,2,0
937,614,0.418,2647,48,0,1,1
519,21,13.57,518,0,1,9,0
463,25,29.8,338,0,1,7,0
256,47,10.05,432,0,1,2,0
13,44,26.34,68,0,1,9,0
813,1903,0.414,22,17,1,1,1
240,25,17.4,111,0,1,3,0
899,986,0.364,28,20,0,1,1
296,29,29.73,331,0,1,10,0
556,34,11.92,578,0,0,5,0
471,28,13.87,42,0,1,7,0
602,46,17.29,284,0,1,7,0
929,1642,0.197,5,11,0,90,1
293,27,23.24,425,0,1,7,0
301,13,2.8,298,0,1,7,0
448,18,18.84,350,0,1,2,0
679,12,24.19,84,0,1,7,0
226,8,4.61,299,0,1,9,0
650,8,14.0,245,1,1,7,0
487,43,4.77,573,0,1,6,0
408,5,5.6,579,0,1,9,0
41,7,25.64,392,0,1,8,0
762,19,13.15,112,0,1,2,0
763,39,8.32,66,0,1,8,0
83,43,15.99,577,0,1,7,0
862,873,0.352,728,21,0,1,1
911,1342,0.118,16,17,0,1,1
882,1627,0.044,14,37,0,110,1
462,42,25.07,455,0,1,4,0
145,39,20.73,73,0,1,7,0
796,8,4.37,115,0,1,2,0
840,1924,0.048,702,0,1,1,1
395,50,26.0,190,0,1,8,0
747,35,29.71,373,1,1,6,0
780,28,22.82,414,0,1,8,0
677,37,24.88,40,0,1,3,0
117,25,20.58,331,0,1,8,0
113,45,15.44,299,0,1,8,0
352,40,11.07,587,0,1,9,0
276,41,23.79,185,0,1,9,0
348,6,20.53,582,0,1,10,0
733,36,21.45,592,0,1,6,0
361,5,23.59,96,0,1,9,0
560,20,29.62,206,0,1,7,0
78,7,13.07,429,0,1,6,0
17,19,19.26,354,0,1,8,0
359,19,16.02,297,0,1,9,0
457,28,13.11,552,0,1,7,0
440,10,6.6,355,0,1,4,0
812,1988,0.308,12,0,1,134,1
453,24,22.15,43,0,1,8,0
926,640,0.012,6,15,0,1,1
639,44,28.97,209,0,1,9,0
855,1902,0.428,1763,0,0,1,1
816,206,0.355,2665,44,1,1,1
699,39,2.58,93,0,1,6,0
690,25,22.16,57,0,1,6,0
788,33,23.0,407,0,1,9,0
368,46,10.02,156,0,1,2,0
594,7,2.55,137,0,1,8,0
285,29,22.15,420,0,1,9,0
851,577,0.345,2213,0,0,186,1
20,6,17.4,556,0,1,3,0
111,12,25.35,502,0,1,4,0
412,22,28.61,440,0,1,6,0
814,1121,0.194,2488,0,1,1,1
51,37,16.2,513,0,1,2,0
946,1500,0.113,23,49,0,66,1
393,46,4.23,271,1,1,2,0
853,1400,0.15,1413,15,0,1,1
521,48,6.82,387,0,1,10,0
397,31,7.73,512,0,1,6,0
334,39,15.58,169,0,1,2,0
693,30,25.23,282,0,1,8,0
944,1079,0.224,12,7,0,56,1
93,27,24.89,454,1,1,3,0
866,1367,0.314,8,36,0,1,1
873,1701,0.316,1159,0,1,1,1
428,8,22.86,421,0,1,5,0
614,16,12.53,169,0,1,9,0
843,461,0.499,16,50,1,1,1
524,9,14.25,262,0,1,10,0
515,20,26.06,374,0,1,4,0
445,8,21.16,584,0,1,3,0
193,32,27.52,591,0,1,9,0
884,286,0.484,3325,7,0,1,1
103,14,18.45,534,0,1,8,0
495,11,4.21,257,0,1,6,0
63,45,8.44,239,0,1,9,0
710,33,2.28,345,0,1,7,0
752,36,23.65,352,0,1,4,0
867,418,0.437,3183,50,0,115,1
163,37,26.44,184,0,1,10,0
531,26,5.44,183,0,1,5,0
586,38,24.13,460,0,1,2,0
220,7,7.53,216,0,1,6,0
830,781,0.163,3494,32,0,1,1
114,28,29.66,549,0,1,8,0
69,31,27.49,498,0,1,5,0
544,19,10.48,581,0,1,8,0
137,42,22.55,424,0,1,9,0
461,43,24.8,426,0,1,5,0
563,26,14.39,196,0,0,4,0
634,27,23.44,436,0,1,9,0
635,41,14.51,143,0,1,4,0
288,34,15.73,226,0,1,8,0
869,1139,0.45,1329,16,0,193,1
204,49,26.0,54,0,1,2,0
386,22,16.8,362,0,1,6,0
102,28,24.52,234,0,1,9,0
286,26,14.29,432,0,1,8,0
892,1162,0.297,29,0,1,134,1
604,47,15.91,551,0,1,9,0
411,50,14.76,376,0,1,4,0
904,1451,0.189,6,20,1,1,1
750,39,21.11,471,0,1,5,0
538,14,10.03,41,0,1,2,0
322,33,28.88,240,0,1,8,0
950,1819,0.095,9,25,0,1,1
600,45,12.08,58,0,1,2,0
380,13,9.47,534,0,1,7,0
34,10,24.38,403,0,1,3,0
927,1717,0.385,2729,0,0,148,1
156,38,28.66,151,0,1,8,0
692,29,24.01,60,0,1,9,0
767,17,19.62,347,0,1,3,0
388,26,4.55,170,0,1,10,0
507,35,5.24,537,0,1,5,0
859,549,0.334,27,42,0,189,1
323,27,5.31,107,0,1,8,0
625,9,9.19,136,0,1,7,0
407,17,17.29,82,0,1,6,0
209,18,6.0,559,0,1,10,0
603,6,20.93,127,0,1,2,0
383,19,18.71,58,0,1,7,0
572,49,19.92,292,0,1,7,0
39,24,5.12,532,0,1,7,0
279,27,4.13,72,0,1,6,0
356,47,14.54,142,0,1,8,0
688,21,18.92,145,0,1,3,0
384,23,23.09,301,0,1,5,0
274,42,25.7,40,0,0,7,0
67,16,28.42,447,0,1,10,0
787,11,26.37,129,0,1,6,0
948,497,0.378,2701,42,0,1,1
624,18,26.92,76,0,1,6,0
736,47,3.68,428,0,1,6,0
662,38,2.92,528,0,1,3,0
577,40,2.38,241,0,1,10,0
106,26,2.32,360,0,1,4,0
298,19,17.13,473,0,1,10,0
545,14,18.06,434,0,1,3,0
551,42,12.48,118,0,1,7,0
107,36,20.44,529,0,1,2,0
702,5,18.56,64,0,1,3,0
123,5,15.44,249,0,1,9,0
923,289,0.158,29,0,1,1,1
919,1531,0.403,6,0,0,1,1
392,48,29.8,387,0,1,8,0
121,41,7.72,296,0,1,3,0
724,38,23.97,232,0,1,4,0
565,5,9.39,311,0,1,3,0
47,27,27.22,537,0,1,5,0
900,1232,0.161,2785,31,0,129,1
682,28,11.76,174,0,1,9,0
947,516,0.489,664,0,0,87,1
147,46,2.26,411,0,1,7,0
112,23,17.71,93,1,1,6,0
446,10,21.49,454,0,1,6,0
543,29,27.71,400,0,1,6,0
850,1959,0.229,1211,44,0,1,1
930,370,0.019,2670,0,0,137,1
125,43,6.63,535,0,1,4,0
458,12,8.07,201,0,1,9,0
858,437,0.468,9,9,1,1,1
825,1756,0.172,20,0,0,177,1
842,1858,0.371,2775,25,0,56,1
3,38,2.57,521,0,1,5,0
97,41,8.21,475,0,1,7,0
474,24,23.32,539,0,1,10,0
786,35,21.69,68,0,1,5,0
16,16,21.9,233,0,1,3,0
609,35,21.98,589,0,0,9,0
839,1485,0.283,2045,23,0,1,1
345,12,14.28,399,0,1,8,0
584,38,2.65,553,0,1,10,0
836,234,0.184,28,14,0,1,1
405,20,23.04,503,0,1,5,0
717,34,15.8,571,0,1,9,0
369,36,27.21,120,0,1,10,0
807,691,0.424,3548,0,0,179,1
685,15,8.54,181,1,1,4,0
735,29,6.58,528,0,1,10,0
496,25,3.4,375,0,1,4,0
678,27,14.03,578,0,1,10,0
757,39,11.87,117,0,1,8,0
416,39,27.59,267,0,1,8,0
135,48,3.51,507,0,1,3,0
413,45,22.8,297,1,1,4,0
86,28,15.0,270,0,1,9,0
654,36,7.07,173,0,1,3,0
46,5,20.59,496,0,1,5,0
247,24,9.26,331,0,1,2,0
441,6,22.6,491,0,1,3,0
534,47,15.84,534,0,1,8,0
338,40,20.58,465,0,1,10,0
864,1828,0.398,18,6,0,1,1
387,31,21.5,71,0,1,7,0
403,8,7.41,434,0,1,6,0
668,15,8.62,533,0,1,4,0
564,45,11.71,545,0,1,9,0
847,423,0.078,22,41,0,1,1
315,48,5.8,494,0,1,7,0
781,10,22.8,321,0,1,5,0
924,1280,0.017,5,28,0,1,1
532,7,2.69,123,0,1,7,0
161,12,28.67,379,0,1,10,0
516,31,14.07,381,0,1,9,0
647,19,10.73,440,0,1,4,0
258,36,13.64,392,0,1,3,0
601,49,3.2,246,0,1,2,0
325,37,28.32,157,0,1,4,0
410,45,11.55,548,0,1,3,0
680,17,10.62,596,0,1,6,0
277,28,21.12,533,0,1,6,0
673,11,12.18,67,0,1,4,0
868,1652,0.226,3491,27,1,69,1
559,15,27.02,505,0,1,3,0
720,27,19.87,45,0,1,7,0
497,25,4.74,233,0,1,2,0
228,7,24.81,558,0,1,8,0
846,780,0.306,3106,44,0,80,1
641,28,16.37,242,0,1,7,0
185,5,26.99,277,0,1,7,0
186,46,25.24,282,0,1,3,0
374,42,23.28,120,0,1,8,0
706,32,25.86,216,0,1,10,0
579,46,15.29,203,0,1,2,0
382,41,24.38,516,1,0,5,0
664,34,24.49,511,0,1,6,0
719,32,27.64,286,0,1,2,0
314,37,9.8,304,0,1,4,0
263,28,14.16,416,0,1,7,0
745,31,11.55,272,0,1,8,0
230,8,23.84,217,0,1,8,0
275,26,22.36,402,0,0,7,0
187,26,7.09,406,0,1,4,0
606,34,13.26,100,0,1,10,0
127,30,14.13,191,0,1,10,0
309,22,22.42,226,0,1,10,0
372,43,8.62,385,0,1,5,0
480,7,23.53,100,0,1,4,0
76,18,11.3,230,1,1,7,0
935,209,0.184,23,44,0,1,1
949,577,0.404,2547,49,1,1,1
224,16,17.66,61,0,1,2,0
139,10,4.79,90,0,1,5,0
336,37,9.79,111,0,1,6,0
501,30,25.95,584,0,1,2,0
575,33,23.51,176,0,1,10,0
912,951,0.412,2401,0,1,200,1
651,15,12.84,34,0,1,9,0
318,28,11.07,152,0,1,3,0
213,44,12.17,448,0,1,8,0
235,43,10.93,212,0,1,4,0
566,26,29.49,487,0,1,8,0
339,31,21.42,517,0,1,2,0
349,39,20.06,236,0,1,6,0
165,7,22.02,470,0,1,7,0
229,27,22.07,248,0,1,5,0
464,39,9.37,340,0,1,4,0
151,14,15.54,36,0,1,10,0
511,8,2.57,99,0,1,8,0
257,36,8.4,571,0,1,6,0
676,25,6.13,35,1,1,6,0
610,23,11.22,82,0,1,10,0
280,37,8.32,412,0,1,8,0
576,38,26.16,48,0,1,10,0
273,11,2.19,209,0,1,4,0
683,48,16.26,422,0,1,10,0
282,47,23.1,67,0,1,2,0
406,37,19.91,136,0,1,8,0
932,840,0.033,17,0,0,1,1
468,19,25.16,410,0,1,6,0
848,667,0.028,3422,23,0,151,1
943,400,0.037,2919,39,0,1,1
115,13,16.64,268,1,1,8,0
928,1560,0.436,9,0,0,1,1
908,610,0.38,3126,0,0,1,1
85,26,7.63,580,0,1,3,0
248,34,25.38,139,1,1,9,0
817,850,0.419,1087,6,1,1,1
197,41,22.03,166,0,1,4,0
700,46,10.65,110,0,1,10,0
237,17,26.34,297,0,1,5,0
528,12,21.45,268,0,1,8,0
399,47,2.8,395,0,1,4,0
389,19,18.88,558,0,1,3,0
29,37,8.91,553,0,1,8,0
714,36,6.97,504,0,1,8,0
811,1030,0.036,10,35,1,1,1
251,36,11.04,40,0,1,4,0
438,44,14.96,141,0,1,10,0
423,5,6.08,498,0,1,6,0
748,6,17.03,310,0,1,3,0
941,250,0.421,11,11,0,1,1
490,41,17.38,495,0,1,4,0
794,9,23.56,296,0,0,5,0
6,13,10.86,368,0,1,8,0
447,36,9.84,449,0,1,4,0
798,13,8.56,547,0,1,7,0
307,49,2.29,200,0,1,6,0
484,22,3.32,502,0,1,2,0
477,9,23.92,80,0,1,8,0
130,20,4.95,344,0,1,3,0
375,19,8.29,204,0,1,5,0
689,22,12.59,95,0,1,9,0
940,569,0.265,5,8,1,98,1
365,20,9.39,52,0,1,3,0
665,13,21.27,214,0,1,10,0
616,40,8.08,367,0,1,3,0
547,33,5.91,477,0,1,10,0
5,21,15.06,155,0,1,5,0
915,1768,0.329,3250,16,0,122,1
478,28,25.88,445,0,1,7,0
437,32,6.99,563,0,1,2,0
876,850,0.35,2708,17,0,177,1
128,20,2.37,385,0,1,6,0
126,6,27.2,114,0,1,4,0
350,37,20.52,467,0,1,6,0
118,19,14.32,59,0,1,3,0
64,23,18.76,252,0,1,10,0
32,41,17.6,249,0,1,7,0
694,28,25.78,407,0,1,2,0
581,8,15.69,420,0,1,10,0
291,27,10.65,80,0,1,5,0
202,47,28.75,440,0,1,8,0
150,31,2.11,529,0,0,9,0
536,18,26.57,261,0,1,9,0
155,10,24.36,290,0,1,2,0
467,8,29.03,162,0,1,4,0
709,6,16.84,258,0,1,9,0
271,15,18.29,428,0,1,9,0
481,6,4.77,247,0,1,2,0
596,35,28.79,535,0,1,4,0
201,38,29.82,408,0,1,4,0
505,21,18.83,124,0,1,10,0
486,34,5.67,123,0,1,3,0
72,26,11.36,435,0,1,6,0
340,36,18.73,260,0,1,9,0
721,25,12.5,138,0,1,6,0
347,49,29.33,75,0,1,4,0
434,10,12.06,315,0,1,2,0
629,32,22.23,514,0,1,10,0
837,1042,0.235,2377,41,0,1,1
191,42,15.81,94,0,1,2,0
455,9,2.15,315,0,1,7,0
89,35,18.23,435,0,1,2,0
738,46,8.12,311,0,1,4,0
427,19,5.79,420,0,1,9,0
154,47,11.85,48,0,0,4,0
456,38,19.21,596,0,1,4,0
119,32,16.49,262,0,1,2,0
552,31,3.71,81,0,1,3,0
303,10,23.03,92,0,1,8,0
108,29,22.74,444,0,1,2,0
870,940,0.369,17,48,0,174,1
342,18,28.54,398,0,1,9,0
22,31,12.14,367,1,1,10,0
548,49,16.61,99,0,1,2,0
266,31,10.46,478,0,1,9,0
436,15,26.86,75,0,1,8,0
640,12,22.46,58,0,1,2,0
99,17,9.04,189,0,1,6,0
168,30,5.25,159,0,1,8,0
753,44,14.25,367,0,1,2,0
305,46,27.81,504,0,1,5,0
238,6,12.1,238,0,1,6,0
53,9,25.56,515,0,1,8,0
373,40,13.81,539,0,1,4,0
132,13,23.57,405,0,1,6,0
242,18,9.65,492,0,1,3,0
18,33,3.83,420,0,1,9,0
810,892,0.032,5,39,0,1,1
7,21,2.4,212,0,1,7,0
746,48,17.0,452,0,1,9,0
308,41,16.52,306,0,1,9,0
401,40,21.08,202,0,1,10,0
800,6,16.02,209,0,1,10,0
611,9,25.24,297,0,1,2,0
207,5,23.08,245,0,1,2,0
105,31,20.42,468,0,1,3,0
120,45,29.84,338,0,1,7,0
219,20,6.82,313,1,1,2,0
518,39,25.69,60,0,1,6,0
698,36,7.12,551,0,1,9,0
208,41,6.68,372,0,1,5,0
494,35,25.71,339,0,1,7,0
409,24,22.82,343,0,1,7,0
212,16,12.46,177,0,1,10,0
109,40,23.59,109,0,1,5,0
239,26,6.06,105,0,1,4,0
75,42,24.96,56,0,1,9,0
124,6,22.9,528,0,1,8,0
472,25,12.01,307,0,1,6,0
590,39,27.99,444,0,1,6,0
615,47,15.18,452,0,1,5,0
674,32,28.64,210,0,1,7,0
716,38,7.31,112,0,1,10,0
933,1741,0.035,27,43,1,1,1
669,26,25.56,205,0,1,8,0
617,34,5.87,261,0,1,5,0
15,27,20.27,80,0,1,4,0
2,30,7.59,290,0,1,8,0
795,38,26.01,315,0,1,2,0
838,1991,0.285,2151,41,0,1,1
558,50,19.91,122,0,1,8,0
819,1875,0.282,1360,42,1,1,1
623,23,26.66,455,0,1,2,0
385,5,29.65,318,1,1,3,0
818,704,0.298,3577,12,0,196,1
217,38,7.88,583,0,1,10,0
789,12,17.89,36,0,1,4,0
321,17,28.49,253,0,1,4,0
377,35,14.76,36,0,1,2,0
180,34,16.66,258,0,1,10,0
696,47,29.0,589,0,1,4,0
302,25,20.6,230,0,1,10,0
87,7,20.31,482,0,1,6,0
249,5,5.98,125,0,1,3,0
806,1188,0.375,804,19,0,1,1
134,6,20.46,222,0,1,7,0
313,44,22.67,163,0,1,8,0
68,18,8.07,207,0,1,10,0
77,7,28.05,379,0,1,5,0
231,48,24.82,430,0,1,3,0
916,980,0.434,19,12,1,1,1
608,32,10.35,57,0,1,3,0
241,45,20.59,411,0,1,7,0
439,25,2.29,346,0,1,3,0
894,677,0.187,13,19,0,1,1
310,49,4.74,338,0,1,5,0
828,701,0.245,17,8,1,143,1
905,1885,0.148,2648,21,1,129,1
725,17,18.35,182,0,1,3,0
660,43,7.88,459,0,1,10,0
883,1565,0.301,7,26,0,1,1
294,12,18.64,124,0,1,4,0
81,17,6.09,316,0,0,2,0
779,31,28.91,488,0,1,4,0
221,41,3.08,145,0,1,2,0
198,26,11.48,65,0,1,10,0
568,10,7.83,187,0,1,6,0
621,10,7.26,230,0,1,6,0
252,9,14.96,127,0,1,9,0
36,41,13.8,422,0,1,7,0
424,36,5.37,298,0,0,2,0
633,47,25.43,491,0,1,8,0
211,9,20.89,496,1,1,7,0
896,810,0.234,1296,48,0,1,1
40,50,5.6,299,0,1,7,0
574,23,26.72,167,0,1,10,0
270,15,8.87,522,0,1,9,0
98,47,10.94,31,0,1,8,0
414,25,22.48,553,0,1,2,0
655,44,17.09,411,0,1,2,0
613,25,9.63,599,0,1,3,0
1,14,22.13,378,0,1,10,0
31,31,29.32,497,0,1,3,0
433,45,8.47,325,0,1,3,0
760,21,13.66,379,0,1,10,0
638,25,7.72,516,0,1,4,0
234,33,27.52,468,0,1,3,0
404,22,18.65,320,0,1,10,0
181,40,22.39,67,0,1,7,0
557,8,8.59,382,0,1,9,0
444,22,4.69,118,0,1,8,0
942,1171,0.479,18,0,0,114,1
620,12,8.08,92,0,1,3,0
506,45,5.13,79,1,0,10,0
749,15,6.42,186,0,0,10,0
889,1635,0.491,16,0,0,1,1
571,6,11.91,158,0,1,3,0
326,16,21.72,79,0,1,9,0
158,28,27.33,229,0,1,3,0
833,1255,0.081,15,0,0,129,1
834,607,0.49,3113,0,0,73,1
175,49,2.07,90,0,1,3,0
400,8,17.96,449,0,1,3,0
860,1161,0.487,8,37,0,155,1
327,6,20.72,365,0,1,10,0
153,48,10.55,522,0,1,6,0
80,31,29.63,47,0,1,9,0
133,25,25.9,154,1,1,7,0
504,49,16.41,572,0,1,3,0
765,10,13.18,82,0,1,5,0
636,36,8.68,426,0,1,3,0
459,27,15.73,44,0,1,4,0
797,48,2.03,126,0,1,8,0
174,12,27.43,281,0,1,7,0
210,9,4.59,189,1,1,10,0
284,50,15.07,224,1,1,10,0
454,26,5.68,512,0,1,10,0
203,35,4.72,599,1,1,3,0
95,24,22.87,388,0,1,8,0
791,23,29.17,375,0,1,9,0
925,202,0.453,26,40,1,1,1
58,23,29.44,227,0,1,4,0
144,9,12.88,528,0,1,2,0
402,44,22.22,260,0,1,6,0
910,1636,0.037,729,29,1,1,1
841,402,0.18,7,32,0,68,1
426,42,4.93,474,0,1,2,0
705,41,26.12,165,0,1,4,0
583,40,22.08,382,1,1,5,0
799,9,24.53,514,0,1,2,0
429,12,21.45,280,1,1,2,0
854,1689,0.445,23,26,0,173,1
723,20,13.22,344,0,1,2,0
94,26,21.24,367,0,1,7,0
637,8,4.32,190,0,1,3,0
351,10,20.7,426,0,1,9,0
316,29,21.59,179,0,1,9,0
243,38,23.43,228,0,1,8,0
364,33,9.06,198,0,1,7,0
502,48,18.99,591,0,1,5,0
65,14,28.68,349,0,1,5,0
920,1132,0.32,10,6,0,1,1
182,50,20.78,79,0,1,2,0
872,672,0.438,19,0,0,102,1
598,9,27.79,331,0,1,8,0
701,24,21.09,533,0,1,4,0
91,45,3.75,137,0,1,2,0
45,12,3.69,555,0,1,3,0
770,43,17.57,333,0,1,10,0
537,14,18.42,243,0,1,9,0
129,8,3.43,104,0,1,7,0
845,540,0.029,30,46,1,160,1
449,50,22.97,541,0,1,2,0
476,9,26.01,435,0,1,9,0
222,30,3.3,55,1,1,5,0
783,29,14.0,469,0,1,9,0
539,22,5.84,395,0,1,3,0
470,24,8.25,153,0,1,2,0
805,1834,0.077,2458,50,1,1,1
906,202,0.094,2703,46,1,89,1
330,44,2.83,292,1,1,10,0
658,27,7.3,41,0,1,6,0
289,25,18.3,327,0,1,10,0
184,9,22.75,307,0,1,4,0
938,1824,0.413,18,0,1,179,1
141,49,9.91,54,0,1,4,0
167,30,2.65,204,1,1,6,0
362,30,26.93,599,0,1,2,0
140,25,22.47,595,0,1,7,0
195,15,7.1,471,0,1,9,0
250,17,3.13,334,0,1,3,0
371,9,5.99,527,0,1,7,0
542,15,22.12,49,0,1,5,0
742,45,21.73,548,0,1,10,0
136,45,14.32,332,0,1,3,0
591,47,10.82,500,0,1,5,0
297,26,9.0,386,0,1,6,0
945,805,0.367,11,0,0,1,1
589,30,6.64,464,0,1,8,0
653,24,6.27,307,0,1,9,0
822,967,0.484,18,30,0,126,1
510,38,19.85,417,0,1,8,0
687,7,19.16,76,0,1,9,0
483,13,25.6,122,0,1,4,0
553,15,7.26,510,0,1,10,0
319,40,13.47,68,0,1,2,0
61,17,29.65,536,0,1,7,0
360,21,19.85,230,0,1,10,0
199,8,21.52,162,0,1,5,0
826,850,0.173,1129,35,0,1,1
28,18,12.27,419,0,1,5,0
645,39,16.82,227,0,1,2,0
887,541,0.298,7,12,0,194,1
82,35,28.74,152,0,1,5,0
268,29,2.68,428,0,1,4,0
233,44,8.47,364,0,1,5,0
739,45,10.38,342,0,1,2,0
419,12,10.45,49,0,1,8,0
585,35,10.2,403,0,1,7,0
353,21,18.31,485,0,1,4,0
514,20,29.23,572,0,1,6,0
684,5,25.14,474,0,1,10,0
756,34,4.65,571,0,1,7,0
452,44,15.18,226,0,1,3,0
14,9,16.4,254,0,1,5,0
570,48,6.41,166,0,1,8,0
206,20,22.29,502,0,1,3,0
366,5,12.69,476,0,1,4,0
56,49,8.4,52,0,1,3,0
473,34,4.51,108,0,1,7,0
435,46,26.85,270,0,1,2,0
879,246,0.455,11,32,0,162,1
844,1650,0.377,2571,0,0,185,1
881,858,0.435,1381,0,0,96,1
671,7,17.4,33,0,1,5,0
644,12,8.94,220,0,1,10,0
891,825,0.168,2595,40,0,122,1
152,14,16.08,483,0,1,3,0
54,49,26.65,216,1,1,9,0
265,12,7.83,253,1,1,7,0
469,45,15.2,473,1,1,4,0
555,36,7.96,552,0,1,9,0
60,25,26.71,234,0,1,10,0
550,47,22.44,570,0,1,7,0
324,40,28.67,282,0,1,3,0
578,39,26.57,378,0,1,5,0
707,13,20.73,410,0,1,6,0
306,41,18.97,155,0,1,9,0
391,22,25.79,206,0,1,2,0
785,45,15.92,567,0,1,10,0
890,1201,0.356,2000,7,1,1,1
157,8,29.19,504,0,1,5,0
549,31,26.39,307,0,1,5,0
804,358,0.394,18,39,0,1,1
939,1497,0.208,2550,19,0,1,1
525,32,11.57,486,0,1,8,0
820,1485,0.23,29,26,1,132,1
527,9,3.53,264,0,1,7,0
741,23,12.59,483,0,1,9,0
255,50,16.79,501,0,1,6,0
267,26,12.78,106,0,1,8,0
227,46,29.93,595,0,1,7,0
320,36,14.65,144,0,1,6,0
346,37,25.74,478,0,1,7,0
246,22,24.99,194,0,1,3,0
21,15,21.5,423,0,1,9,0
918,790,0.488,15,20,0,1,1
146,30,6.86,74,0,1,5,0
540,17,14.3,183,0,1,4,0
254,11,17.83,173,0,1,7,0
367,26,2.74,348,0,1,7,0
331,6,17.11,464,0,1,4,0
880,1994,0.294,1842,49,0,176,1
541,33,3.59,240,0,1,8,0
697,45,12.29,205,1,1,9,0
332,9,28.41,453,0,1,10,0
827,1768,0.467,10,35,1,1,1
431,31,15.67,110,0,1,3,0
824,341,0.064,1331,0,1,159,1
871,1656,0.233,2945,45,0,183,1
50,42,9.16,306,0,1,3,0
520,48,21.48,366,0,1,7,0
936,492,0.494,3526,40,0,1,1
160,14,21.83,212,0,1,5,0
442,34,27.68,118,0,1,3,0
630,36,7.63,51,0,1,10,0
898,1645,0.498,17,27,0,136,1
300,24,9.8,508,1,1,8,0
465,47,18.09,222,0,1,4,0
743,11,7.11,464,0,1,3,0
493,31,15.65,344,0,1,9,0
482,32,8.94,356,0,1,6,0
55,23,21.15,491,0,1,2,0
711,7,13.74,37,0,1,10,0
801,721,0.188,2017,16,0,1,1
646,10,18.14,286,0,1,10,0
513,13,12.24,354,0,1,9,0
421,35,21.12,197,0,1,8,0
732,24,22.83,321,0,1,4,0
686,18,8.73,201,0,1,8,0
25,40,13.09,111,0,1,3,0
27,23,23.24,124,0,1,7,0
489,44,24.06,344,0,1,4,0
90,17,10.56,257,0,1,5,0
33,23,19.22,569,0,1,3,0
164,24,23.13,316,0,1,9,0
508,5,12.66,163,0,1,2,0
774,50,15.73,362,0,1,8,0
657,5,9.59,553,0,1,2,0
751,28,12.74,187,0,1,9,0
189,13,29.11,525,0,1,9,0
695,18,4.1,527,0,1,10,0
526,24,9.62,215,0,1,7,0
71,32,15.25,222,0,0,2,0
875,1513,0.124,8,0,0,1,1
264,5,19.82,194,0,1,9,0
670,25,5.73,149,1,1,6,0
730,6,22.05,475,0,1,8,0
312,24,26.27,549,1,1,3,0
357,7,9.26,87,0,1,3,0
343,6,7.84,212,0,1,3,0
530,17,16.49,163,0,1,6,0
415,8,21.36,80,0,1,3,0
562,7,12.69,178,0,1,4,0
893,564,0.376,11,29,0,52,1
498,47,23.25,528,0,1,2,0
731,36,13.06,504,0,1,8,0
619,37,18.18,432,0,1,10,0
628,18,19.98,85,0,1,3,0
376,19,21.78,108,1,1,9,0
715,34,13.26,519,0,1,5,0
643,49,21.67,325,0,1,10,0
177,44,3.8,425,0,1,7,0
422,45,7.65,180,0,1,2,0
561,14,16.44,160,1,1,3,0
704,44,13.89,173,0,0,4,0
808,647,0.199,2125,0,1,147,1
166,6,22.52,199,0,1,7,0
907,1018,0.245,1250,34,1,1,1
236,13,27.55,60,0,1,9,0
52,25,26.7,224,0,1,6,0
73,31,18.08,527,0,1,3,0
143,38,23.42,425,0,1,5,0
290,25,2.91,80,0,1,8,0
48,26,25.11,77,0,1,3,0
354,6,18.93,409,0,1,7,0
418,21,4.23,531,0,1,9,0
934,1700,0.154,6,45,0,1,1
931,1794,0.499,21,46,0,1,1
592,22,15.97,457,0,1,4,0
10,32,26.05,555,0,1,3,0
475,44,16.5,579,0,1,9,0
865,1953,0.401,1477,0,0,76,1
179,22,24.13,191,0,1,5,0
593,19,3.37,523,0,1,9,0
57,34,20.1,466,0,1,7,0
23,43,24.29,467,0,1,2,0
104,7,15.38,352,0,1,10,0
793,37,21.04,306,0,1,7,0
262,35,11.48,347,0,1,10,0
612,10,8.78,296,1,1,6,0
573,44,15.86,107,0,1,8,0
546,23,25.83,257,0,1,9,0
888,886,0.298,1843,0,0,90,1
390,19,27.99,431,0,1,2,0
479,27,15.62,215,0,1,10,0
485,12,6.65,269,0,1,4,0
8,22,12.29,500,0,1,8,0
417,8,26.42,110,0,1,9,0
857,1432,0.232,26,20,1,1,1
278,30,10.62,185,0,1,4,0
341,6,27.83,378,1,1,10,0
176,21,3.26,394,1,1,9,0
74,43,24.18,75,0,1,9,0
734,15,23.06,313,0,1,3,0
253,32,7.56,183,0,1,6,0
287,23,23.56,206,0,1,10,0
713,6,25.22,550,0,1,2,0
599,11,3.57,93,0,1,9,0
588,21,3.78,279,0,1,3,0
503,27,24.64,536,0,1,4,0
358,50,5.98,257,0,1,2,0
728,12,26.73,248,0,1,2,0
500,34,10.1,499,0,1,3,0
11,45,22.64,346,0,1,5,0
863,579,0.353,1778,27,1,63,1
773,6,29.36,196,0,1,4,0
656,39,24.16,368,0,1,10,0
443,49,23.69,83,0,1,9,0
44,37,6.55,438,0,1,9,0
492,28,24.98,344,0,1,7,0
37,10,15.44,431,0,1,2,0
430,20,29.98,280,0,1,10,0
627,10,17.39,307,0,1,8,0
782,38,22.37,557,0,1,9,0
922,1539,0.299,759,36,0,1,1
517,46,3.86,162,1,1,8,0
727,12,14.0,598,0,1,6,0
784,32,10.96,116,0,1,8,0
466,7,14.49,524,0,1,6,0
96,44,17.16,559,0,1,9,0
488,33,5.31,72,0,1,5,0
626,21,14.52,355,0,1,7,0
823,1730,0.187,14,0,0,1,1
652,33,5.26,511,0,1,4,0
852,1209,0.243,5,12,0,89,1
425,38,9.08,311,0,1,6,0
523,42,5.12,298,1,1,5,0
328,34,19.67,398,0,1,10,0
769,32,24.28,217,0,1,5,0
764,27,26.14,133,0,1,8,0
509,40,5.71,219,0,1,2,0
26,9,25.12,457,0,1,3,0
632,49,16.63,228,0,1,7,0
281,27,20.81,571,0,1,5,0
659,40,11.9,282,0,0,9,0
4,47,25.13,53,0,1,8,0
861,972,0.461,3541,7,0,109,1
829,870,0.357,30,45,0,200,1
245,23,9.93,428,0,1,3,0
895,357,0.273,26,0,0,1,1
66,8,2.87,513,0,1,4,0
100,24,26.86,320,0,1,8,0
292,15,14.67,230,0,1,7,0
398,15,21.04,124,0,1,2,0
886,1889,0.088,715,18,0,1,1
666,14,5.52,414,0,1,4,0
394,27,29.52,67,0,1,10,0
499,26,16.34,597,0,1,7,0
244,28,14.88,474,0,1,7,0
59,46,28.87,63,0,1,7,0
874,1055,0.188,11,39,0,1,1
761,26,27.71,401,0,1,2,0
522,13,5.34,547,0,1,8,0
19,8,13.85,77,0,1,9,0
642,26,19.68,364,0,1,5,0
691,37,3.52,39,0,1,8,0
595,49,28.17,91,0,1,5,0
261,50,25.46,597,0,1,4,0
821,808,0.165,9,8,0,98,1
618,31,12.46,174,0,1,2,0
70,34,3.62,243,0,1,2,0
681,41,17.13,460,0,1,3,0
672,8,18.21,133,0,1,5,0
777,22,18.68,528,0,1,10,0
759,38,7.98,50,0,1,10,0
122,15,12.78,407,0,1,3,0
622,34,27.16,353,0,1,9,0
729,36,26.25,331,0,1,8,0
758,50,28.4,269,0,1,7,0
902,690,0.253,1175,5,0,1,1
149,43,26.02,443,0,1,2,0
214,22,20.76,67,0,1,8,0
567,29,21.93,198,0,1,8,0
901,974,0.406,10,45,1,133,1
914,1293,0.031,2534,50,0,1,1
909,1583,0.401,2302,44,0,1,1
216,43,10.73,538,0,0,10,0
172,40,12.63,259,1,1,7,0
703,17,16.07,423,0,1,10,0
24,48,28.07,370,0,1,10,0
30,32,24.19,96,0,1,7,0
917,699,0.369,1522,0,1,1,1
450,29,26.85,386,0,1,10,0
337,11,28.83,148,0,1,3,0
173,27,17.69,503,0,1,2,0
